,Disagreement,q
0,0.0007989404933139835,1
1,0.0012433716899119577,1
2,0.0017550602529796942,1
