,Diversity,q
0,0.0015621634504367856,1
1,0.0029749059601606215,1
2,0.00399277442843602,1
